{
    "1": {
        "level": 1,
        "hp": 1039.0,
        "attack": 27.0,
        "defense": 56.96,
        "specialized": 0.05
    },
    "2": {
        "level": 2,
        "hp": 1126.16,
        "attack": 29.2653,
        "defense": 61.73842,
        "specialized": 0.05
    },
    "3": {
        "level": 3,
        "hp": 1213.32,
        "attack": 31.5305,
        "defense": 66.51684,
        "specialized": 0.05
    },
    "4": {
        "level": 4,
        "hp": 1300.47,
        "attack": 33.7958,
        "defense": 71.29526,
        "specialized": 0.05
    },
    "5": {
        "level": 5,
        "hp": 1387.63,
        "attack": 36.0611,
        "defense": 76.07368,
        "specialized": 0.05
    },
    "6": {
        "level": 6,
        "hp": 1474.79,
        "attack": 38.3263,
        "defense": 80.85211,
        "specialized": 0.05
    },
    "7": {
        "level": 7,
        "hp": 1561.95,
        "attack": 40.5916,
        "defense": 85.63053,
        "specialized": 0.05
    },
    "8": {
        "level": 8,
        "hp": 1649.11,
        "attack": 42.8568,
        "defense": 90.40895,
        "specialized": 0.05
    },
    "9": {
        "level": 9,
        "hp": 1736.26,
        "attack": 45.1221,
        "defense": 95.18737,
        "specialized": 0.05
    },
    "10": {
        "level": 10,
        "hp": 1823.42,
        "attack": 47.3874,
        "defense": 99.96579,
        "specialized": 0.05
    },
    "11": {
        "level": 11,
        "hp": 1910.58,
        "attack": 49.6526,
        "defense": 104.74421,
        "specialized": 0.05
    },
    "12": {
        "level": 12,
        "hp": 1997.74,
        "attack": 51.9179,
        "defense": 109.52263,
        "specialized": 0.05
    },
    "13": {
        "level": 13,
        "hp": 2084.89,
        "attack": 54.1832,
        "defense": 114.30105,
        "specialized": 0.05
    },
    "14": {
        "level": 14,
        "hp": 2172.05,
        "attack": 56.4484,
        "defense": 119.07947,
        "specialized": 0.05
    },
    "15": {
        "level": 15,
        "hp": 2259.21,
        "attack": 58.7137,
        "defense": 123.85789,
        "specialized": 0.05
    },
    "16": {
        "level": 16,
        "hp": 2346.37,
        "attack": 60.9789,
        "defense": 128.63632,
        "specialized": 0.05
    },
    "17": {
        "level": 17,
        "hp": 2433.53,
        "attack": 63.2442,
        "defense": 133.41474,
        "specialized": 0.05
    },
    "18": {
        "level": 18,
        "hp": 2520.68,
        "attack": 65.5095,
        "defense": 138.19316,
        "specialized": 0.05
    },
    "19": {
        "level": 19,
        "hp": 2607.84,
        "attack": 67.7747,
        "defense": 142.97158,
        "specialized": 0.05
    },
    "20": {
        "level": 20,
        "hp": 2695.0,
        "attack": 70.04,
        "defense": 147.75,
        "specialized": 0.05
    },
    "21": {
        "level": 21,
        "hp": 3631.64,
        "attack": 94.3659,
        "defense": 199.09179,
        "specialized": 0.05
    },
    "22": {
        "level": 22,
        "hp": 3722.92,
        "attack": 96.7377,
        "defense": 204.09538,
        "specialized": 0.05
    },
    "23": {
        "level": 23,
        "hp": 3814.21,
        "attack": 99.1095,
        "defense": 209.09897,
        "specialized": 0.05
    },
    "24": {
        "level": 24,
        "hp": 3905.49,
        "attack": 101.4813,
        "defense": 214.10256,
        "specialized": 0.05
    },
    "25": {
        "level": 25,
        "hp": 3996.77,
        "attack": 103.8531,
        "defense": 219.10615,
        "specialized": 0.05
    },
    "26": {
        "level": 26,
        "hp": 4088.05,
        "attack": 106.2249,
        "defense": 224.10974,
        "specialized": 0.05
    },
    "27": {
        "level": 27,
        "hp": 4179.33,
        "attack": 108.5967,
        "defense": 229.11333,
        "specialized": 0.05
    },
    "28": {
        "level": 28,
        "hp": 4270.62,
        "attack": 110.9685,
        "defense": 234.11692,
        "specialized": 0.05
    },
    "29": {
        "level": 29,
        "hp": 4361.9,
        "attack": 113.3403,
        "defense": 239.12051,
        "specialized": 0.05
    },
    "30": {
        "level": 30,
        "hp": 4453.18,
        "attack": 115.7121,
        "defense": 244.1241,
        "specialized": 0.05
    },
    "31": {
        "level": 31,
        "hp": 4544.46,
        "attack": 118.0838,
        "defense": 249.12769,
        "specialized": 0.05
    },
    "32": {
        "level": 32,
        "hp": 4635.74,
        "attack": 120.4556,
        "defense": 254.13128,
        "specialized": 0.05
    },
    "33": {
        "level": 33,
        "hp": 4727.03,
        "attack": 122.8274,
        "defense": 259.13487,
        "specialized": 0.05
    },
    "34": {
        "level": 34,
        "hp": 4818.31,
        "attack": 125.1992,
        "defense": 264.13846,
        "specialized": 0.05
    },
    "35": {
        "level": 35,
        "hp": 4909.59,
        "attack": 127.571,
        "defense": 269.14205,
        "specialized": 0.05
    },
    "36": {
        "level": 36,
        "hp": 5000.87,
        "attack": 129.9428,
        "defense": 274.14564,
        "specialized": 0.05
    },
    "37": {
        "level": 37,
        "hp": 5092.15,
        "attack": 132.3146,
        "defense": 279.14923,
        "specialized": 0.05
    },
    "38": {
        "level": 38,
        "hp": 5183.44,
        "attack": 134.6864,
        "defense": 284.15282,
        "specialized": 0.05
    },
    "39": {
        "level": 39,
        "hp": 5274.72,
        "attack": 137.0582,
        "defense": 289.15641,
        "specialized": 0.05
    },
    "40": {
        "level": 40,
        "hp": 5366.0,
        "attack": 139.43,
        "defense": 294.16,
        "specialized": 0.05
    },
    "41": {
        "level": 41,
        "hp": 6046.53,
        "attack": 157.1147,
        "defense": 331.46474,
        "specialized": 0.098
    },
    "42": {
        "level": 42,
        "hp": 6141.58,
        "attack": 159.5842,
        "defense": 336.67421,
        "specialized": 0.098
    },
    "43": {
        "level": 43,
        "hp": 6236.63,
        "attack": 162.0537,
        "defense": 341.88368,
        "specialized": 0.098
    },
    "44": {
        "level": 44,
        "hp": 6331.68,
        "attack": 164.5232,
        "defense": 347.09316,
        "specialized": 0.098
    },
    "45": {
        "level": 45,
        "hp": 6426.74,
        "attack": 166.9926,
        "defense": 352.30263,
        "specialized": 0.098
    },
    "46": {
        "level": 46,
        "hp": 6521.79,
        "attack": 169.4621,
        "defense": 357.51211,
        "specialized": 0.098
    },
    "47": {
        "level": 47,
        "hp": 6616.84,
        "attack": 171.9316,
        "defense": 362.72158,
        "specialized": 0.098
    },
    "48": {
        "level": 48,
        "hp": 6711.89,
        "attack": 174.4011,
        "defense": 367.93105,
        "specialized": 0.098
    },
    "49": {
        "level": 49,
        "hp": 6806.95,
        "attack": 176.8705,
        "defense": 373.14053,
        "specialized": 0.098
    },
    "50": {
        "level": 50,
        "hp": 6902.0,
        "attack": 179.34,
        "defense": 378.35,
        "specialized": 0.098
    },
    "51": {
        "level": 51,
        "hp": 7795.0,
        "attack": 202.5179,
        "defense": 427.25211,
        "specialized": 0.146
    },
    "52": {
        "level": 52,
        "hp": 7891.0,
        "attack": 205.0137,
        "defense": 432.51632,
        "specialized": 0.146
    },
    "53": {
        "level": 53,
        "hp": 7987.0,
        "attack": 207.5095,
        "defense": 437.78053,
        "specialized": 0.146
    },
    "54": {
        "level": 54,
        "hp": 8083.0,
        "attack": 210.0053,
        "defense": 443.04474,
        "specialized": 0.146
    },