{
    "id": 2301,
    "name": "Xiangling",
    "combat1": {
      "name": "Ataque Normal: Habilidades Culinárias",
      "descriptionRaw": "<color=#FFD780FF>Ataque Normal</color>\nRealiza até 3 golpes rápidos.\n\n<color=#FFD780FF>Ataque Carregado</color>\nConsome uma certa quantidade de Stamina para desferir um Ataque de Impulso Ascendente.\n\n<color=#FFD780FF>Ataque Imersivo</color>\nMergulha em pleno ar para golpear o chão, causando dano aos inimigos ao longo do caminho e infligindo Dano em uma AdE durante o impacto.",
      "attributes": {
        "labels": [
          "Dano do 1° Golpe|{param1:F1P}",
          "Dano do 2° Golpe|{param2:F1P}",
          "Dano do 3° Golpe|{param3:F1P}+{param3:F1P}",
          "Dano do 4° Golpe|{param4:F1P}*4",
          "Dano do 5° Golpe|{param5:F1P}",
          "Dano de Ataque Carregado|{param6:P}",
          "Consumo de Stamina de Ataque Carregado|{param7:F1}",
          "Dano Durante a Queda|{param8:F1P}",
          "Dano de Queda de Baixa/Alta Altitude|{param9:P}/{param10:P}"
        ],
        "parameters": {
          "param1": [0.42054, 0.45477, 0.489, 0.5379, 0.57213, 0.61125, 0.66504, 0.71883, 0.77262, 0.8313, 0.898537, 0.977609, 1.05668, 1.135751, 1.222011],
          "param2": [0.4214, 0.4557, 0.49, 0.539, 0.5733, 0.6125, 0.6664, 0.7203, 0.7742, 0.833, 0.900375, 0.979608, 1.058841, 1.138074, 1.22451],
          "param3": [0.26058, 0.28179, 0.303, 0.3333, 0.35451, 0.37875, 0.41208, 0.44541, 0.47874, 0.5151, 0.556762, 0.605758, 0.654753, 0.703748, 0.757197],
          "param4": [0.14104, 0.15252, 0.164, 0.1804, 0.19188, 0.205, 0.22304, 0.24108, 0.25912, 0.2788, 0.30135, 0.327869, 0.354388, 0.380906, 0.409836],
          "param5": [0.71036, 0.76818, 0.826, 0.9086, 0.96642, 1.0325, 1.12336, 1.21422, 1.30508, 1.4042, 1.517775, 1.651339, 1.784903, 1.918468, 2.064174],
          "param6": [1.2169, 1.31595, 1.415, 1.5565, 1.65555, 1.76875, 1.9244, 2.08005, 2.2357, 2.4055, 2.600062, 2.828868, 3.057673, 3.286479, 3.536085],
          "param7": [25, 25, 25, 25, 25, 25, 25, 25, 25, 25, 25, 25, 25, 25, 25],
          "param8": [0.639324, 0.691362, 0.7434, 0.81774, 0.869778, 0.92925, 1.011024, 1.092798, 1.174572, 1.26378, 1.352988, 1.442196, 1.531404, 1.620612, 1.70982],
          "param9": [1.278377, 1.382431, 1.486485, 1.635134, 1.739187, 1.858106, 2.02162, 2.185133, 2.348646, 2.527025, 2.705403, 2.883781, 3.062159, 3.240537, 3.418915],
          "param10": [1.596762, 1.726731, 1.8567, 2.04237, 2.172339, 2.320875, 2.525112, 2.729349, 2.933586, 3.15639, 3.379194, 3.601998, 3.824802, 4.047606, 4.27041]
        }
      }
    },
    "combat2": {
      "name": "Culinária ao Fogo Baixo",
      "descriptionRaw": "<color=#FFD780FF>Contemple o verdadeiro significado de cozinhar!</color>\nDemonstre as diferentes técnicas culinárias de Fontaine ao pressionar ou manter pressionado.\n\n<color=#FFD780FF>Pressionar</color>\nAtiva o Robô Culinário Multiuso no seu modo de Armazenamento Frio, causando Dano Cryo em AdE contra os inimigos ao redor.\n\n<color=#FFD780FF>Modo Robô Culinário: Armazenamento Frio</color>\nAcompanha o personagem ativo e periodicamente dispara um Parfait Congelado contra os inimigos próximos, causando Dano Cryo.\n\n<color=#FFD780FF>Arkhe: Ousia</color>\nQuando Escoffier periodicamente ativar o Robô Culinário com o modo Armazenamento Frio, invoca uma Lâmina da Fluidez, causando Dano Cryo em AdE com Ousia.\n\n<color=#FFD780FF>Manter pressionado</color>\nUsa o modo Culinária Improvisada para ativar o Robô Culinário Multiuso.",
      "attributes": {
        "labels": [
          "Dano de Lança-Chamas|{param1:P}",
          "Tempo de Recarga|{param2:F1}s"
        ],
        "parameters": {
          "param1": [1.1128, 1.19626, 1.27972, 1.391, 1.47446, 1.55792, 1.6692, 1.78048, 1.89176, 2.00304, 2.11432, 2.2256, 2.3647, 2.5038, 2.6429],
          "param2": [12, 12, 12, 12, 12, 12, 12, 12, 12, 12, 12, 12, 12, 12, 12]
        }
      }
    },
    "combat3": {
      "name": "Técnica de Corte Refinado",
      "descriptionRaw": "Demonstrando suas habilidades excepcionais com a faca, Escoffier causa Dano Cryo em uma AdE e restaura a Vida de todos os membros próximos da equipe com base em seu ATQ.",
      "flavorText": "O calor nunca será suficiente. Nunca!",
      "attributes": {
        "labels": [
          "Dano de Balanço do 1° Golpe|{param1:F1P}",
          "Dano de Balanço do 2° Golpe|{param2:F1P}",
          "Dano de Balanço do 3° Golpe|{param3:P}",
          "Dano do Pyronado|{param4:P}",
          "Duração|{param5:F1}s",
          "Tempo de Recarga|{param6:F1}s",
          "Energia Elemental|{param7:I}"
        ],
        "parameters": {
          "param1": [0.72, 0.774, 0.828, 0.9, 0.954, 1.008, 1.08, 1.152, 1.224, 1.296, 1.368, 1.44, 1.53, 1.62, 1.71],
          "param2": [0.88, 0.946, 1.012, 1.1, 1.166, 1.232, 1.32, 1.408, 1.496, 1.584, 1.672, 1.76, 1.87, 1.98, 2.09],
          "param3": [1.096, 1.1782, 1.2604, 1.37, 1.4522, 1.5344, 1.644, 1.7536, 1.8632, 1.9728, 2.0824, 2.192, 2.329, 2.466, 2.603],
          "param4": [1.12, 1.204, 1.288, 1.4, 1.484, 1.568, 1.68, 1.792, 1.904, 2.016, 2.128, 2.24, 2.38, 2.52, 2.66],
          "param5": [10, 10, 10, 10, 10, 10, 10, 10, 10, 10, 10, 10, 10, 10, 10],
          "param6": [20, 20, 20, 20, 20, 20, 20, 20, 20, 20, 20, 20, 20, 20, 20],
          "param7": [80, 80, 80, 80, 80, 80, 80, 80, 80, 80, 80, 80, 80, 80, 80]
        }
      }
    },
    "passive1": {
      "name": "A Postos para Improvisar",
      "descriptionRaw": "Ao manter pressionado para lançar a Habilidade Elemental Culinária ao Fogo Baixo Usará o modo Culinária Improvisada para ativar o Robô Culinário Multiuso.\n\n<color=#FFD780FF>Robô Culinário: Modo Culinária Improvisada</color>\n· Coloca o Robô Culinário no campo. O Robô Culinário pode absorver os ataques Elementais. Quando a Energia Elemental absorvida alcançar o limite, Escoffier poderá converter os ingredientes colocados dentro em comidas fantásticas.\n· Escoffier precisa de tempo para coletar ingredientes novos. É possível fazer uma certa quantidade de Pratos por semana dessa maneira. A contagem de Prato é redefinida toda segunda-feira às 04:00 da manhã.",
      "description": "A distância do lança-chamas de Guoba aumenta 20%."
    },
    "passive2": {
      "name": "A Comida é o Melhor Remédio",
      "descriptionRaw": "Após usar o Supremo Técnica de Corte Refinado, Escoffier obterá o efeito de Terapia Alimentar por 9s: Restaura Vida para o personagem ativo próximo a cada 1 segundo em 138.24% do ATQ de Escoffier.",
      "description": "Quando o efeito do Ataque de Guoba terminar, Guoba deixa uma pimenta no ponto onde desapareceu. Ao pegar a pimenta, aumenta o ATQ em 10% por 10s."
    },
    "passive3": {
      "name": "Inspiração Temperada",
      "descriptionRaw": "Quando o grupo tiver 1/2/3/4 personagens Hydro ou Cryo, Escoffier reduzirá a RES Hydro e a RES Cryo de inimigos atingidos por sua Habilidade Elemental, Culinária ao Fogo Baixo, ou por seu Supremo, Técnica de Corte Refinado, em 5%/10%/15%/55% por 12s.",
      "description": "Quando uma Culinária Perfeita é feita em uma comida de aumento de ATQ, Xiangling tem uma chance de 12% de receber o dobro de produção."
    },
    "costs": {
      "lvl2": [
        {
          "id": 202,
          "name": "Mora",
          "count": 12500
        },
        {
          "id": 104341,
          "name": "Ensinamentos da Justiça",
          "count": 3
        },
        {
          "id": 112083,
          "name": "Engrenagem Transmissora",
          "count": 6
        }
      ],
      "lvl3": [
        {
          "id": 202,
          "name": "Mora",
          "count": 17500
        },
        {
          "id": 104342,
          "name": "Guia da Justiça",
          "count": 2
        },
        {
          "id": 112084,
          "name": "Engrenagem Reta",
          "count": 3
        }
      ],
      "lvl4": [
        {
          "id": 202,
          "name": "Mora",